<?xml version="1.0" encoding="UTF-8"?>

<!--Copyright (c) 2012 by Subset Games. All rights reserved.-->
<img x="-127" y="-33" w="495" h="277" />
<offsets>
	<floor x="121" y="27" />
	<cloak x="-20" y="-20" />
</offsets>
<weaponMounts>
	<mount x="383" y="20" rotate="true" mirror="true" gib="-1" slide="up" />
	<mount x="383" y="257" rotate="true" mirror="false" gib="-1" slide="down" />
	<mount x="308" y="0" rotate="true" mirror="true" gib="-1" slide="up" />
	<mount x="308" y="277" rotate="true" mirror="false" gib="-1" slide="down" />
</weaponMounts>
<explosion />

